x-axis,4
second,Volt
-1.020000E-03,-523.560305E-03
-1.017200E-03,-531.399501E-03
-1.014400E-03,-523.560305E-03
-1.011600E-03,-535.319099E-03
-1.008800E-03,-523.560305E-03
-1.006000E-03,-535.319099E-03
-1.003200E-03,-519.640706E-03
-1.000400E-03,-531.399501E-03
-997.600E-06,-523.560305E-03
-994.800E-06,-535.319099E-03
-992.000E-06,-531.399501E-03
-989.200E-06,-523.560305E-03
-986.400E-06,-535.319099E-03
-983.600E-06,-547.077894E-03
-980.800E-06,-535.319099E-03
-978.000E-06,-539.238697E-03
-975.200E-06,-535.319099E-03
-972.400E-06,-535.319099E-03
-969.600E-06,-523.560305E-03
-966.800E-06,-535.319099E-03
-964.000E-06,-523.560305E-03
-961.200E-06,-535.319099E-03
-958.400E-06,-535.319099E-03
-955.600E-06,-535.319099E-03
-952.800E-06,-539.238697E-03
-950.000E-06,-539.238697E-03
-947.200E-06,-531.399501E-03
-944.400E-06,-535.319099E-03
-941.600E-06,-535.319099E-03
-938.800E-06,-531.399501E-03
-936.000E-06,-519.640706E-03
-933.200E-06,-535.319099E-03
-930.400E-06,-547.077894E-03
-927.600E-06,-539.238697E-03
-924.800E-06,-539.238697E-03
-922.000E-06,-523.560305E-03
-919.200E-06,-519.640706E-03
-916.400E-06,-523.560305E-03
-913.600E-06,-547.077894E-03
-910.800E-06,-531.399501E-03
-908.000E-06,-535.319099E-03
-905.200E-06,-523.560305E-03
-902.400E-06,-535.319099E-03
-899.600E-06,-523.560305E-03
-896.800E-06,-535.319099E-03
-894.000E-06,-523.560305E-03
-891.200E-06,-535.319099E-03
-888.400E-06,-531.399501E-03
-885.600E-06,-543.158296E-03
-882.800E-06,-519.640706E-03
-880.000E-06,-519.640706E-03
-877.200E-06,-535.319099E-03
-874.400E-06,-535.319099E-03
-871.600E-06,-523.560305E-03
-868.800E-06,-543.158296E-03
-866.000E-06,-523.560305E-03
-863.200E-06,-523.560305E-03
-860.400E-06,-531.399501E-03
-857.600E-06,-519.640706E-03
-854.800E-06,-531.399501E-03
-852.000E-06,-531.399501E-03
-849.200E-06,-535.319099E-03
-846.400E-06,-531.399501E-03
-843.600E-06,-531.399501E-03
-840.800E-06,-527.479903E-03
-838.000E-06,-535.319099E-03
-835.200E-06,-523.560305E-03
-832.400E-06,-519.640706E-03
-829.600E-06,-535.319099E-03
-826.800E-06,-535.319099E-03
-824.000E-06,-523.560305E-03
-821.200E-06,-523.560305E-03
-818.400E-06,-519.640706E-03
-815.600E-06,-527.479903E-03
-812.800E-06,-519.640706E-03
-810.000E-06,-547.077894E-03
-807.200E-06,-531.399501E-03
-804.400E-06,-523.560305E-03
-801.600E-06,-519.640706E-03
-798.800E-06,-523.560305E-03
-796.000E-06,-519.640706E-03
-793.200E-06,-535.319099E-03
-790.400E-06,-523.560305E-03
-787.600E-06,-531.399501E-03
-784.800E-06,-523.560305E-03
-782.000E-06,-519.640706E-03
-779.200E-06,-519.640706E-03
-776.400E-06,-519.640706E-03
-773.600E-06,-519.640706E-03
-770.800E-06,-519.640706E-03
-768.000E-06,-527.479903E-03
-765.200E-06,-519.640706E-03
-762.400E-06,-535.319099E-03
-759.600E-06,-519.640706E-03
-756.800E-06,-531.399501E-03
-754.000E-06,-523.560305E-03
-751.200E-06,-519.640706E-03
-748.400E-06,-519.640706E-03
-745.600E-06,-519.640706E-03
-742.800E-06,-531.399501E-03
-740.000E-06,-535.319099E-03
-737.200E-06,-535.319099E-03
-734.400E-06,-519.640706E-03
-731.600E-06,-519.640706E-03
-728.800E-06,-519.640706E-03
-726.000E-06,-531.399501E-03
-723.200E-06,-531.399501E-03
-720.400E-06,-531.399501E-03
-717.600E-06,-531.399501E-03
-714.800E-06,-519.640706E-03
-712.000E-06,-535.319099E-03
-709.200E-06,-531.399501E-03
-706.400E-06,-519.640706E-03
-703.600E-06,-531.399501E-03
-700.800E-06,-519.640706E-03
-698.000E-06,-519.640706E-03
-695.200E-06,-523.560305E-03
-692.400E-06,-527.479903E-03
-689.600E-06,-535.319099E-03
-686.800E-06,-523.560305E-03
-684.000E-06,-519.640706E-03
-681.200E-06,-519.640706E-03
-678.400E-06,-519.640706E-03
-675.600E-06,-507.881912E-03
-672.800E-06,-519.640706E-03
-670.000E-06,-531.399501E-03
-667.200E-06,-535.319099E-03
-664.400E-06,-519.640706E-03
-661.600E-06,-523.560305E-03
-658.800E-06,-519.640706E-03
-656.000E-06,-519.640706E-03
-653.200E-06,-535.319099E-03
-650.400E-06,-519.640706E-03
-647.600E-06,-519.640706E-03
-644.800E-06,-507.881912E-03
-642.000E-06,-519.640706E-03
-639.200E-06,-519.640706E-03
-636.400E-06,-527.479903E-03
-633.600E-06,-519.640706E-03
-630.800E-06,-519.640706E-03
-628.000E-06,-523.560305E-03
-625.200E-06,-523.560305E-03
-622.400E-06,-535.319099E-03
-619.600E-06,-515.721108E-03
-616.800E-06,-519.640706E-03
-614.000E-06,-519.640706E-03
-611.200E-06,-523.560305E-03
-608.400E-06,-515.721108E-03
-605.600E-06,-519.640706E-03
-602.800E-06,-519.640706E-03
-600.000E-06,-519.640706E-03
-597.200E-06,-531.399501E-03
-594.400E-06,-519.640706E-03
-591.600E-06,-523.560305E-03
-588.800E-06,-515.721108E-03
-586.000E-06,-503.962314E-03
-583.200E-06,-523.560305E-03
-580.400E-06,-519.640706E-03
-577.600E-06,-523.560305E-03
-574.800E-06,-519.640706E-03
-572.000E-06,-519.640706E-03
-569.200E-06,-519.640706E-03
-566.400E-06,-519.640706E-03
-563.600E-06,-507.881912E-03
-560.800E-06,-507.881912E-03
-558.000E-06,-519.640706E-03
-555.200E-06,-519.640706E-03
-552.400E-06,-519.640706E-03
-549.600E-06,-519.640706E-03
-546.800E-06,-519.640706E-03
-544.000E-06,-519.640706E-03
-541.200E-06,-523.560305E-03
-538.400E-06,-503.962314E-03
-535.600E-06,-507.881912E-03
-532.800E-06,-519.640706E-03
-530.000E-06,-519.640706E-03
-527.200E-06,-507.881912E-03
-524.400E-06,-515.721108E-03
-521.600E-06,-531.399501E-03
-518.800E-06,-519.640706E-03
-516.000E-06,-515.721108E-03
-513.200E-06,-507.881912E-03
-510.400E-06,-519.640706E-03
-507.600E-06,-507.881912E-03
-504.800E-06,-507.881912E-03
-502.000E-06,-519.640706E-03
-499.200E-06,-515.721108E-03
-496.400E-06,-519.640706E-03
-493.600E-06,-507.881912E-03
-490.800E-06,-515.721108E-03
-488.000E-06,-507.881912E-03
-485.200E-06,-519.640706E-03
-482.400E-06,-515.721108E-03
-479.600E-06,-507.881912E-03
-476.800E-06,-519.640706E-03
-474.000E-06,-515.721108E-03
-471.200E-06,-503.962314E-03
-468.400E-06,-507.881912E-03
-465.600E-06,-507.881912E-03
-462.800E-06,-503.962314E-03
-460.000E-06,-519.640706E-03
-457.200E-06,-527.479903E-03
-454.400E-06,-503.962314E-03
-451.600E-06,-519.640706E-03
-448.800E-06,-503.962314E-03
-446.000E-06,-511.801510E-03
-443.200E-06,-507.881912E-03
-440.400E-06,-507.881912E-03
-437.600E-06,-507.881912E-03
-434.800E-06,-519.640706E-03
-432.000E-06,-503.962314E-03
-429.200E-06,-515.721108E-03
-426.400E-06,-519.640706E-03
-423.600E-06,-503.962314E-03
-420.800E-06,-507.881912E-03
-418.000E-06,-515.721108E-03
-415.200E-06,-507.881912E-03
-412.400E-06,-503.962314E-03
-409.600E-06,-507.881912E-03
-406.800E-06,-523.560305E-03
-404.000E-06,-515.721108E-03
-401.200E-06,-503.962314E-03
-398.400E-06,-519.640706E-03
-395.600E-06,-515.721108E-03
-392.800E-06,-515.721108E-03
-390.000E-06,-503.962314E-03
-387.200E-06,-519.640706E-03
-384.400E-06,-503.962314E-03
-381.600E-06,-515.721108E-03
-378.800E-06,-507.881912E-03
-376.000E-06,-515.721108E-03
-373.200E-06,-515.721108E-03
-370.400E-06,-503.962314E-03
-367.600E-06,-519.640706E-03
-364.800E-06,-515.721108E-03
-362.000E-06,-519.640706E-03
-359.200E-06,-515.721108E-03
-356.400E-06,-507.881912E-03
-353.600E-06,-519.640706E-03
-350.800E-06,-503.962314E-03
-348.000E-06,-503.962314E-03
-345.200E-06,-503.962314E-03
-342.400E-06,-515.721108E-03
-339.600E-06,-503.962314E-03
-336.800E-06,-503.962314E-03
-334.000E-06,-503.962314E-03
-331.200E-06,-507.881912E-03
-328.400E-06,-492.203519E-03
-325.600E-06,-503.962314E-03
-322.800E-06,-503.962314E-03
-320.000E-06,-496.123117E-03
-317.200E-06,-503.962314E-03
-314.400E-06,-507.881912E-03
-311.600E-06,-488.283921E-03
-308.800E-06,-507.881912E-03
-306.000E-06,-503.962314E-03
-303.200E-06,-503.962314E-03
-300.400E-06,-527.479903E-03
-297.600E-06,-503.962314E-03
-294.800E-06,-503.962314E-03
-292.000E-06,-503.962314E-03
-289.200E-06,-503.962314E-03
-286.400E-06,-492.203519E-03
-283.600E-06,-503.962314E-03
-280.800E-06,-503.962314E-03
-278.000E-06,-503.962314E-03
-275.200E-06,-507.881912E-03
-272.400E-06,-515.721108E-03
-269.600E-06,-507.881912E-03
-266.800E-06,-492.203519E-03
-264.000E-06,-503.962314E-03
-261.200E-06,-503.962314E-03
-258.400E-06,-503.962314E-03
-255.600E-06,-503.962314E-03
-252.800E-06,-503.962314E-03
-250.000E-06,-503.962314E-03
-247.200E-06,-492.203519E-03
-244.400E-06,-503.962314E-03
-241.600E-06,-503.962314E-03
-238.800E-06,-503.962314E-03
-236.000E-06,-503.962314E-03
-233.200E-06,-503.962314E-03
-230.400E-06,-492.203519E-03
-227.600E-06,-492.203519E-03
-224.800E-06,-515.721108E-03
-222.000E-06,-507.881912E-03
-219.200E-06,-503.962314E-03
-216.400E-06,-500.042716E-03
-213.600E-06,-503.962314E-03
-210.800E-06,-503.962314E-03
-208.000E-06,-492.203519E-03
-205.200E-06,-503.962314E-03
-202.400E-06,-500.042716E-03
-199.600E-06,-503.962314E-03
-196.800E-06,-515.721108E-03
-194.000E-06,-503.962314E-03
-191.200E-06,-503.962314E-03
-188.400E-06,-492.203519E-03
-185.600E-06,-503.962314E-03
-182.800E-06,-492.203519E-03
-180.000E-06,-503.962314E-03
-177.200E-06,-511.801510E-03
-174.400E-06,-492.203519E-03
-171.600E-06,-515.721108E-03
-168.800E-06,-503.962314E-03
-166.000E-06,-500.042716E-03
-163.200E-06,-503.962314E-03
-160.400E-06,-503.962314E-03
-157.600E-06,-488.283921E-03
-154.800E-06,-503.962314E-03
-152.000E-06,-503.962314E-03
-149.200E-06,-503.962314E-03
-146.400E-06,-500.042716E-03
-143.600E-06,-488.283921E-03
-140.800E-06,-503.962314E-03
-138.000E-06,-492.203519E-03
-135.200E-06,-492.203519E-03
-132.400E-06,-503.962314E-03
-129.600E-06,-500.042716E-03
-126.800E-06,-492.203519E-03
-124.000E-06,-503.962314E-03
-121.200E-06,-503.962314E-03
-118.400E-06,-492.203519E-03
-115.600E-06,-488.283921E-03
-112.800E-06,-488.283921E-03
-110.000E-06,-488.283921E-03
-107.200E-06,-492.203519E-03
-104.400E-06,-488.283921E-03
-101.600E-06,-503.962314E-03
-98.800E-06,-503.962314E-03
-96.000E-06,-507.881912E-03
-93.200E-06,-500.042716E-03
-90.400E-06,-492.203519E-03
-87.600E-06,-488.283921E-03
-84.800E-06,-492.203519E-03
-82.000E-06,-492.203519E-03
-79.200E-06,-500.042716E-03
-76.400E-06,-503.962314E-03
-73.600E-06,-492.203519E-03
-70.800E-06,-503.962314E-03
-68.000E-06,-503.962314E-03
-65.200E-06,-503.962314E-03
-62.400E-06,-492.203519E-03
-59.600E-06,-488.283921E-03
-56.800E-06,-500.042716E-03
-54.000E-06,-492.203519E-03
-51.200E-06,-488.283921E-03
-48.400E-06,-488.283921E-03
-45.600E-06,-492.203519E-03
-42.800E-06,-500.042716E-03
-40.000E-06,-500.042716E-03
-37.200E-06,-500.042716E-03
-34.400E-06,-488.283921E-03
-31.600E-06,-488.283921E-03
-28.800E-06,-304.062807E-03
-26.000E-06,-268.786423E-03
-23.200E-06,-249.188432E-03
-20.400E-06,-202.153254E-03
-17.600E-06,-127.680888E-03
-14.800E-06,-72.806514E-03
-12.000E-06,-17.932139E-03
-9.200E-06,+17.344244E-03
-6.400E-06,+33.022637E-03
-3.600E-06,+87.897012E-03
-800E-09,+123.173395E-03
+2.000E-06,+138.851788E-03
+4.800E-06,+150.610582E-03
+7.600E-06,+154.530181E-03
+10.400E-06,+154.530181E-03
+13.200E-06,+166.288975E-03
+16.000E-06,+166.288975E-03
+18.800E-06,+170.208573E-03
+21.600E-06,+170.208573E-03
+24.400E-06,+185.886966E-03
+27.200E-06,+185.886966E-03
+30.000E-06,+185.886966E-03
+32.800E-06,+201.565359E-03
+35.600E-06,+185.886966E-03
+38.400E-06,+185.886966E-03
+41.200E-06,+174.128172E-03
+44.000E-06,+185.886966E-03
+46.800E-06,+189.806564E-03
+49.600E-06,+189.806564E-03
+52.400E-06,+189.806564E-03
+55.200E-06,+201.565359E-03
+58.000E-06,+205.484957E-03
+60.800E-06,+197.645761E-03
+63.600E-06,+185.886966E-03
+66.400E-06,+185.886966E-03
+69.200E-06,+185.886966E-03
+72.000E-06,+189.806564E-03
+74.800E-06,+189.806564E-03
+77.600E-06,+201.565359E-03
+80.400E-06,+189.806564E-03
+83.200E-06,+213.324153E-03
+86.000E-06,+213.324153E-03
+88.800E-06,+197.645761E-03
+91.600E-06,+185.886966E-03
+94.400E-06,+185.886966E-03
+97.200E-06,+197.645761E-03
+100.000E-06,+185.886966E-03
+102.800E-06,+201.565359E-03
+105.600E-06,+213.324153E-03
+108.400E-06,+205.484957E-03
+111.200E-06,+197.645761E-03
+114.000E-06,+185.886966E-03
+116.800E-06,+185.886966E-03
+119.600E-06,+174.128172E-03
+122.400E-06,+181.967368E-03
+125.200E-06,+197.645761E-03
+128.000E-06,+201.565359E-03
+130.800E-06,+217.243752E-03
+133.600E-06,+217.243752E-03
+136.400E-06,+189.806564E-03
+139.200E-06,+197.645761E-03
+142.000E-06,+185.886966E-03
+144.800E-06,+185.886966E-03
+147.600E-06,+185.886966E-03
+150.400E-06,+197.645761E-03
+153.200E-06,+174.128172E-03
+156.000E-06,+189.806564E-03
+158.800E-06,+217.243752E-03
+161.600E-06,+201.565359E-03
+164.400E-06,+197.645761E-03
+167.200E-06,+185.886966E-03
+170.000E-06,+170.208573E-03
+172.800E-06,+111.414601E-03
+175.600E-06,+52.620628E-03
+178.400E-06,-2.253747E-03
+181.200E-06,-49.288925E-03
+184.000E-06,-80.645710E-03
+186.800E-06,-139.439683E-03
+189.600E-06,-198.233656E-03
+192.400E-06,-221.751245E-03
+195.200E-06,-253.108030E-03
+198.000E-06,-284.464816E-03
+200.800E-06,-300.143208E-03
+203.600E-06,-319.741199E-03
+206.400E-06,-358.937181E-03
+209.200E-06,-366.776377E-03
+212.000E-06,-382.454770E-03
+214.800E-06,-409.891957E-03
+217.600E-06,-413.811556E-03
+220.400E-06,-413.811556E-03
+223.200E-06,-429.489948E-03
+226.000E-06,-441.248743E-03
+228.800E-06,-453.007537E-03
+231.600E-06,-456.927136E-03
+234.400E-06,-472.605528E-03
+237.200E-06,-472.605528E-03
+240.000E-06,-472.605528E-03
+242.800E-06,-472.605528E-03
+245.600E-06,-484.364323E-03
+248.400E-06,-476.525126E-03
+251.200E-06,-484.364323E-03
+254.000E-06,-484.364323E-03
+256.800E-06,-476.525126E-03
+259.600E-06,-488.283921E-03
+262.400E-06,-488.283921E-03
+265.200E-06,-500.042716E-03
+268.000E-06,-496.123117E-03
+270.800E-06,-405.972359E-03
+273.600E-06,-225.670843E-03
+276.400E-06,-159.037674E-03
+279.200E-06,-100.243701E-03
+282.000E-06,-53.208523E-03
+284.800E-06,+9.505048E-03
+287.600E-06,+60.459824E-03
+290.400E-06,+107.495002E-03
+293.200E-06,+142.771386E-03
+296.000E-06,+181.967368E-03
+298.800E-06,+205.484957E-03
+301.600E-06,+232.922144E-03
+304.400E-06,+248.600537E-03
+307.200E-06,+264.278930E-03
+310.000E-06,+279.957322E-03
+312.800E-06,+276.037724E-03
+315.600E-06,+283.876921E-03
+318.400E-06,+291.716117E-03
+321.200E-06,+295.635715E-03
+324.000E-06,+295.635715E-03
+326.800E-06,+295.635715E-03
+329.600E-06,+311.314108E-03
+332.400E-06,+307.394510E-03
+335.200E-06,+307.394510E-03
+338.000E-06,+307.394510E-03
+340.800E-06,+311.314108E-03
+343.600E-06,+311.314108E-03
+346.400E-06,+311.314108E-03
+349.200E-06,+323.072902E-03
+352.000E-06,+315.233706E-03
+354.800E-06,+311.314108E-03
+357.600E-06,+311.314108E-03
+360.400E-06,+315.233706E-03
+363.200E-06,+311.314108E-03
+366.000E-06,+311.314108E-03
+368.800E-06,+307.394510E-03
+371.600E-06,+315.233706E-03
+374.400E-06,+326.992501E-03
+377.200E-06,+311.314108E-03
+380.000E-06,+323.072902E-03
+382.800E-06,+323.072902E-03
+385.600E-06,+311.314108E-03
+388.400E-06,+311.314108E-03
+391.200E-06,+326.992501E-03
+394.000E-06,+311.314108E-03
+396.800E-06,+315.233706E-03
+399.600E-06,+319.153304E-03
+402.400E-06,+311.314108E-03
+405.200E-06,+311.314108E-03
+408.000E-06,+311.314108E-03
+410.800E-06,+323.072902E-03
+413.600E-06,+311.314108E-03
+416.400E-06,+311.314108E-03
+419.200E-06,+311.314108E-03
+422.000E-06,+311.314108E-03
+424.800E-06,+315.233706E-03
+427.600E-06,+326.992501E-03
+430.400E-06,+303.474911E-03
+433.200E-06,+323.072902E-03
+436.000E-06,+311.314108E-03
+438.800E-06,+323.072902E-03
+441.600E-06,+311.314108E-03
+444.400E-06,+315.233706E-03
+447.200E-06,+311.314108E-03
+450.000E-06,+311.314108E-03
+452.800E-06,+299.555313E-03
+455.600E-06,+311.314108E-03
+458.400E-06,+311.314108E-03
+461.200E-06,+311.314108E-03
+464.000E-06,+311.314108E-03
+466.800E-06,+311.314108E-03
+469.600E-06,+295.635715E-03
+472.400E-06,+260.359331E-03
+475.200E-06,+197.645761E-03
+478.000E-06,+111.414601E-03
+480.800E-06,+72.218619E-03
+483.600E-06,+1.665852E-03
+486.400E-06,-45.369327E-03
+489.200E-06,-96.324103E-03
+492.000E-06,-139.439683E-03
+494.800E-06,-174.716067E-03
+497.600E-06,-202.153254E-03
+500.400E-06,-249.188432E-03
+503.200E-06,-268.786423E-03
+506.000E-06,-311.902003E-03
+508.800E-06,-327.580396E-03
+511.600E-06,-347.178387E-03
+514.400E-06,-362.856779E-03
+517.200E-06,-390.293967E-03
+520.000E-06,-394.213565E-03
+522.800E-06,-409.891957E-03
+525.600E-06,-425.570350E-03
+528.400E-06,-429.489948E-03
+531.200E-06,-437.329145E-03
+534.000E-06,-445.168341E-03
+536.800E-06,-456.927136E-03
+539.600E-06,-460.846734E-03
+542.400E-06,-460.846734E-03
+545.200E-06,-472.605528E-03
+548.000E-06,-472.605528E-03
+550.800E-06,-472.605528E-03
+553.600E-06,-472.605528E-03
+556.400E-06,-488.283921E-03
+559.200E-06,-476.525126E-03
+562.000E-06,-500.042716E-03
+564.800E-06,-484.364323E-03
+567.600E-06,-476.525126E-03
+570.400E-06,-464.766332E-03
+573.200E-06,-288.384414E-03
+576.000E-06,-209.992450E-03
+578.800E-06,-151.198477E-03
+581.600E-06,-112.002496E-03
+584.400E-06,-33.610532E-03
+587.200E-06,+17.344244E-03
+590.000E-06,+72.218619E-03
+592.800E-06,+119.253797E-03
+595.600E-06,+154.530181E-03
+598.400E-06,+178.047770E-03
+601.200E-06,+197.645761E-03
+604.000E-06,+217.243752E-03
+606.800E-06,+244.680939E-03
+609.600E-06,+248.600537E-03
+612.400E-06,+248.600537E-03
+615.200E-06,+264.278930E-03
+618.000E-06,+264.278930E-03
+620.800E-06,+268.198528E-03
+623.600E-06,+268.198528E-03
+626.400E-06,+276.037724E-03
+629.200E-06,+279.957322E-03
+632.000E-06,+276.037724E-03
+634.800E-06,+279.957322E-03
+637.600E-06,+279.957322E-03
+640.400E-06,+279.957322E-03
+643.200E-06,+279.957322E-03
+646.000E-06,+291.716117E-03
+648.800E-06,+283.876921E-03
+651.600E-06,+279.957322E-03
+654.400E-06,+279.957322E-03
+657.200E-06,+283.876921E-03
+660.000E-06,+291.716117E-03
+662.800E-06,+295.635715E-03
+665.600E-06,+291.716117E-03
+668.400E-06,+283.876921E-03
+671.200E-06,+279.957322E-03
+674.000E-06,+279.957322E-03
+676.800E-06,+279.957322E-03
+679.600E-06,+279.957322E-03
+682.400E-06,+295.635715E-03
+685.200E-06,+291.716117E-03
+688.000E-06,+295.635715E-03
+690.800E-06,+283.876921E-03
+693.600E-06,+279.957322E-03
+696.400E-06,+283.876921E-03
+699.200E-06,+291.716117E-03
+702.000E-06,+279.957322E-03
+704.800E-06,+283.876921E-03
+707.600E-06,+283.876921E-03
+710.400E-06,+283.876921E-03
+713.200E-06,+283.876921E-03
+716.000E-06,+283.876921E-03
+718.800E-06,+283.876921E-03
+721.600E-06,+268.198528E-03
+724.400E-06,+291.716117E-03
+727.200E-06,+279.957322E-03
+730.000E-06,+268.198528E-03
+732.800E-06,+291.716117E-03
+735.600E-06,+291.716117E-03
+738.400E-06,+279.957322E-03
+741.200E-06,+279.957322E-03
+744.000E-06,+291.716117E-03
+746.800E-06,+276.037724E-03
+749.600E-06,+291.716117E-03
+752.400E-06,+283.876921E-03
+755.200E-06,+291.716117E-03
+758.000E-06,+283.876921E-03
+760.800E-06,+283.876921E-03
+763.600E-06,+279.957322E-03
+766.400E-06,+283.876921E-03
+769.200E-06,+295.635715E-03
+772.000E-06,+248.600537E-03
+774.800E-06,+185.886966E-03
+777.600E-06,+123.173395E-03
+780.400E-06,+76.138217E-03
+783.200E-06,+13.424646E-03
+786.000E-06,-45.369327E-03
+788.800E-06,-84.565308E-03
+791.600E-06,-127.680888E-03
+794.400E-06,-170.796468E-03
+797.200E-06,-209.992450E-03
+800.000E-06,-241.349236E-03
+802.800E-06,-268.786423E-03
+805.600E-06,-300.143208E-03
+808.400E-06,-327.580396E-03
+811.200E-06,-347.178387E-03
+814.000E-06,-362.856779E-03
+816.800E-06,-378.535172E-03
+819.600E-06,-405.972359E-03
+822.400E-06,-409.891957E-03
+825.200E-06,-421.650752E-03
+828.000E-06,-421.650752E-03
+830.800E-06,-429.489948E-03
+833.600E-06,-449.087939E-03
+836.400E-06,-464.766332E-03
+839.200E-06,-468.685930E-03
+842.000E-06,-472.605528E-03
+844.800E-06,-472.605528E-03
+847.600E-06,-476.525126E-03
+850.400E-06,-472.605528E-03
+853.200E-06,-476.525126E-03
+856.000E-06,-476.525126E-03
+858.800E-06,-500.042716E-03
+861.600E-06,-484.364323E-03
+864.400E-06,-488.283921E-03
+867.200E-06,-488.283921E-03
+870.000E-06,-492.203519E-03
+872.800E-06,-441.248743E-03
+875.600E-06,-257.027628E-03
+878.400E-06,-190.394459E-03
+881.200E-06,-143.359281E-03
+884.000E-06,-80.645710E-03
+886.800E-06,-33.610532E-03
+889.600E-06,+17.344244E-03
+892.400E-06,+60.459824E-03
+895.200E-06,+99.655806E-03
+898.000E-06,+134.932190E-03
+900.800E-06,+150.610582E-03
+903.600E-06,+170.208573E-03
+906.400E-06,+201.565359E-03
+909.200E-06,+193.726162E-03
+912.000E-06,+217.243752E-03
+914.800E-06,+221.163350E-03
+917.600E-06,+217.243752E-03
+920.400E-06,+232.922144E-03
+923.200E-06,+232.922144E-03
+926.000E-06,+236.841742E-03
+928.800E-06,+248.600537E-03
+931.600E-06,+244.680939E-03
+934.400E-06,+252.520135E-03
+937.200E-06,+236.841742E-03
+940.000E-06,+248.600537E-03
+942.800E-06,+236.841742E-03
+945.600E-06,+244.680939E-03
+948.400E-06,+244.680939E-03
+951.200E-06,+264.278930E-03
+954.000E-06,+248.600537E-03
+956.800E-06,+260.359331E-03
+959.600E-06,+248.600537E-03
+962.400E-06,+264.278930E-03
+965.200E-06,+248.600537E-03
+968.000E-06,+248.600537E-03
+970.800E-06,+248.600537E-03
+973.600E-06,+260.359331E-03
+976.400E-06,+264.278930E-03
+979.200E-06,+264.278930E-03
+982.000E-06,+240.761341E-03
+984.800E-06,+252.520135E-03
+987.600E-06,+264.278930E-03
+990.400E-06,+248.600537E-03
+993.200E-06,+248.600537E-03
+996.000E-06,+248.600537E-03
+998.800E-06,+260.359331E-03
+1.001600E-03,+248.600537E-03
+1.004400E-03,+248.600537E-03
+1.007200E-03,+248.600537E-03
+1.010000E-03,+248.600537E-03
+1.012800E-03,+256.439733E-03
+1.015600E-03,+248.600537E-03
+1.018400E-03,+248.600537E-03
+1.021200E-03,+248.600537E-03
+1.024000E-03,+236.841742E-03
+1.026800E-03,+248.600537E-03
+1.029600E-03,+252.520135E-03
+1.032400E-03,+264.278930E-03
+1.035200E-03,+248.600537E-03
+1.038000E-03,+248.600537E-03
+1.040800E-03,+252.520135E-03
+1.043600E-03,+244.680939E-03
+1.046400E-03,+248.600537E-03
+1.049200E-03,+248.600537E-03
+1.052000E-03,+260.359331E-03
+1.054800E-03,+260.359331E-03
+1.057600E-03,+260.359331E-03
+1.060400E-03,+260.359331E-03
+1.063200E-03,+244.680939E-03
+1.066000E-03,+248.600537E-03
+1.068800E-03,+248.600537E-03
+1.071600E-03,+236.841742E-03
+1.074400E-03,+217.243752E-03
+1.077200E-03,+158.449779E-03
+1.080000E-03,+103.575404E-03
+1.082800E-03,+21.263842E-03
+1.085600E-03,-14.012541E-03
+1.088400E-03,-64.967318E-03
+1.091200E-03,-112.002496E-03
+1.094000E-03,-155.118076E-03
+1.096800E-03,-190.394459E-03
+1.099600E-03,-233.510039E-03
+1.102400E-03,-264.866825E-03
+1.105200E-03,-284.464816E-03
+1.108000E-03,-315.821601E-03
+1.110800E-03,-331.499994E-03
+1.113600E-03,-358.937181E-03
+1.116400E-03,-378.535172E-03
+1.119200E-03,-394.213565E-03
+1.122000E-03,-413.811556E-03
+1.124800E-03,-421.650752E-03
+1.127600E-03,-441.248743E-03
+1.130400E-03,-441.248743E-03
+1.133200E-03,-456.927136E-03
+1.136000E-03,-456.927136E-03
+1.138800E-03,-464.766332E-03
+1.141600E-03,-468.685930E-03
+1.144400E-03,-460.846734E-03
+1.147200E-03,-472.605528E-03
+1.150000E-03,-472.605528E-03
+1.152800E-03,-488.283921E-03
+1.155600E-03,-472.605528E-03
+1.158400E-03,-476.525126E-03
+1.161200E-03,-476.525126E-03
+1.164000E-03,-500.042716E-03
+1.166800E-03,-488.283921E-03
+1.169600E-03,-500.042716E-03
+1.172400E-03,-488.283921E-03
+1.175200E-03,-433.409547E-03
+1.178000E-03,-284.464816E-03
+1.180800E-03,-253.108030E-03
+1.183600E-03,-206.072852E-03
+1.186400E-03,-147.278879E-03
+1.189200E-03,-96.324103E-03
+1.192000E-03,-53.208523E-03
+1.194800E-03,-6.173345E-03
+1.197600E-03,+29.103039E-03
+1.200400E-03,+60.459824E-03
+1.203200E-03,+91.816610E-03
+1.206000E-03,+91.816610E-03
+1.208800E-03,+107.495002E-03
+1.211600E-03,+123.173395E-03
+1.214400E-03,+142.771386E-03
+1.217200E-03,+142.771386E-03
+1.220000E-03,+154.530181E-03
+1.222800E-03,+170.208573E-03
+1.225600E-03,+170.208573E-03
+1.228400E-03,+170.208573E-03
+1.231200E-03,+170.208573E-03
+1.234000E-03,+170.208573E-03
+1.236800E-03,+158.449779E-03
+1.239600E-03,+170.208573E-03
+1.242400E-03,+170.208573E-03
+1.245200E-03,+174.128172E-03
+1.248000E-03,+185.886966E-03
+1.250800E-03,+181.967368E-03
+1.253600E-03,+170.208573E-03
+1.256400E-03,+170.208573E-03
+1.259200E-03,+197.645761E-03
+1.262000E-03,+185.886966E-03
+1.264800E-03,+185.886966E-03
+1.267600E-03,+185.886966E-03
+1.270400E-03,+189.806564E-03
+1.273200E-03,+189.806564E-03
+1.276000E-03,+185.886966E-03
+1.278800E-03,+185.886966E-03
+1.281600E-03,+181.967368E-03
+1.284400E-03,+185.886966E-03
+1.287200E-03,+185.886966E-03
+1.290000E-03,+185.886966E-03
+1.292800E-03,+189.806564E-03
+1.295600E-03,+197.645761E-03
+1.298400E-03,+185.886966E-03
+1.301200E-03,+174.128172E-03
+1.304000E-03,+185.886966E-03
+1.306800E-03,+185.886966E-03
+1.309600E-03,+185.886966E-03
+1.312400E-03,+185.886966E-03
+1.315200E-03,+185.886966E-03
+1.318000E-03,+185.886966E-03
+1.320800E-03,+185.886966E-03
+1.323600E-03,+189.806564E-03
+1.326400E-03,+197.645761E-03
+1.329200E-03,+181.967368E-03
+1.332000E-03,+181.967368E-03
+1.334800E-03,+185.886966E-03
+1.337600E-03,+181.967368E-03
+1.340400E-03,+189.806564E-03
+1.343200E-03,+174.128172E-03
+1.346000E-03,+189.806564E-03
+1.348800E-03,+185.886966E-03
+1.351600E-03,+174.128172E-03
+1.354400E-03,+181.967368E-03
+1.357200E-03,+185.886966E-03
+1.360000E-03,+185.886966E-03
+1.362800E-03,+189.806564E-03
+1.365600E-03,+185.886966E-03
+1.368400E-03,+185.886966E-03
+1.371200E-03,+197.645761E-03
+1.374000E-03,+185.886966E-03
+1.376800E-03,+142.771386E-03
+1.379600E-03,+83.977413E-03
+1.382400E-03,+44.781432E-03
+1.385200E-03,-29.690934E-03
+1.388000E-03,-64.967318E-03
+1.390800E-03,-123.761290E-03
+1.393600E-03,-182.555263E-03
+1.396400E-03,-206.072852E-03
+1.399200E-03,-249.188432E-03
+1.402000E-03,-264.866825E-03
+1.404800E-03,-284.464816E-03
+1.407600E-03,-319.741199E-03
+1.410400E-03,-335.419592E-03
+1.413200E-03,-362.856779E-03
+1.416000E-03,-362.856779E-03
+1.418800E-03,-382.454770E-03
+1.421600E-03,-405.972359E-03
+1.424400E-03,-421.650752E-03
+1.427200E-03,-425.570350E-03
+1.430000E-03,-429.489948E-03
+1.432800E-03,-453.007537E-03
+1.435600E-03,-456.927136E-03
+1.438400E-03,-456.927136E-03
+1.441200E-03,-472.605528E-03
+1.444000E-03,-456.927136E-03
+1.446800E-03,-472.605528E-03
+1.449600E-03,-488.283921E-03
+1.452400E-03,-472.605528E-03
+1.455200E-03,-484.364323E-03
+1.458000E-03,-488.283921E-03
+1.460800E-03,-488.283921E-03
+1.463600E-03,-476.525126E-03
+1.466400E-03,-488.283921E-03
+1.469200E-03,-488.283921E-03
+1.472000E-03,-500.042716E-03
+1.474800E-03,-488.283921E-03
+1.477600E-03,-233.510039E-03
+1.480400E-03,-64.967318E-03
+1.483200E-03,-33.610532E-03
+1.486000E-03,+48.701030E-03
+1.488800E-03,+138.851788E-03
+1.491600E-03,+217.243752E-03
+1.494400E-03,+260.359331E-03
+1.497200E-03,+295.635715E-03
+1.500000E-03,+358.349286E-03
+1.502800E-03,+377.947277E-03
+1.505600E-03,+417.143259E-03
+1.508400E-03,+436.741250E-03
+1.511200E-03,+440.660848E-03
+1.514000E-03,+440.660848E-03
+1.516800E-03,+440.660848E-03
+1.519600E-03,+452.419642E-03
+1.522400E-03,+468.098035E-03
+1.525200E-03,+468.098035E-03
+1.528000E-03,+472.017633E-03
+1.530800E-03,+468.098035E-03
+1.533600E-03,+483.776428E-03
+1.536400E-03,+495.535222E-03
+1.539200E-03,+483.776428E-03
+1.542000E-03,+468.098035E-03
+1.544800E-03,+479.856830E-03
+1.547600E-03,+483.776428E-03
+1.550400E-03,+483.776428E-03
+1.553200E-03,+475.937231E-03
+1.556000E-03,+499.454821E-03
+1.558800E-03,+499.454821E-03
+1.561600E-03,+495.535222E-03
+1.564400E-03,+483.776428E-03
+1.567200E-03,+483.776428E-03
+1.570000E-03,+479.856830E-03
+1.572800E-03,+468.098035E-03
+1.575600E-03,+483.776428E-03
+1.578400E-03,+499.454821E-03
+1.581200E-03,+483.776428E-03
+1.584000E-03,+495.535222E-03
+1.586800E-03,+499.454821E-03
+1.589600E-03,+472.017633E-03
+1.592400E-03,+472.017633E-03
+1.595200E-03,+479.856830E-03
+1.598000E-03,+472.017633E-03
+1.600800E-03,+479.856830E-03
+1.603600E-03,+479.856830E-03
+1.606400E-03,+475.937231E-03
+1.609200E-03,+487.696026E-03
+1.612000E-03,+499.454821E-03
+1.614800E-03,+487.696026E-03
+1.617600E-03,+472.017633E-03
+1.620400E-03,+472.017633E-03
+1.623200E-03,+483.776428E-03
+1.626000E-03,+483.776428E-03
+1.628800E-03,+479.856830E-03
+1.631600E-03,+479.856830E-03
+1.634400E-03,+495.535222E-03
+1.637200E-03,+495.535222E-03
+1.640000E-03,+491.615624E-03
+1.642800E-03,+468.098035E-03
+1.645600E-03,+487.696026E-03
+1.648400E-03,+468.098035E-03
+1.651200E-03,+483.776428E-03
+1.654000E-03,+468.098035E-03
+1.656800E-03,+472.017633E-03
+1.659600E-03,+487.696026E-03
+1.662400E-03,+487.696026E-03
+1.665200E-03,+472.017633E-03
+1.668000E-03,+472.017633E-03
+1.670800E-03,+464.178437E-03
+1.673600E-03,+479.856830E-03
+1.676400E-03,+456.339241E-03
+1.679200E-03,+417.143259E-03
+1.682000E-03,+342.670893E-03
+1.684800E-03,+264.278930E-03
+1.687600E-03,+201.565359E-03
+1.690400E-03,+138.851788E-03
+1.693200E-03,+76.138217E-03
+1.696000E-03,+13.424646E-03
+1.698800E-03,-33.610532E-03
+1.701600E-03,-80.645710E-03
+1.704400E-03,-127.680888E-03
+1.707200E-03,-174.716067E-03
+1.710000E-03,-206.072852E-03
+1.712800E-03,-249.188432E-03
+1.715600E-03,-268.786423E-03
+1.718400E-03,-300.143208E-03
+1.721200E-03,-315.821601E-03
+1.724000E-03,-331.499994E-03
+1.726800E-03,-362.856779E-03
+1.729600E-03,-378.535172E-03
+1.732400E-03,-409.891957E-03
+1.735200E-03,-405.972359E-03
+1.738000E-03,-425.570350E-03
+1.740800E-03,-429.489948E-03
+1.743600E-03,-456.927136E-03
+1.746400E-03,-453.007537E-03
+1.749200E-03,-468.685930E-03
+1.752000E-03,-472.605528E-03
+1.754800E-03,-472.605528E-03
+1.757600E-03,-484.364323E-03
+1.760400E-03,-472.605528E-03
+1.763200E-03,-480.444725E-03
+1.766000E-03,-488.283921E-03
+1.768800E-03,-484.364323E-03
+1.771600E-03,-488.283921E-03
+1.774400E-03,-500.042716E-03
+1.777200E-03,-488.283921E-03
+1.780000E-03,-335.419592E-03
+1.782800E-03,-221.751245E-03
+1.785600E-03,-209.992450E-03
+1.788400E-03,-178.635665E-03
+1.791200E-03,-115.922094E-03
+1.794000E-03,-68.886916E-03
+1.796800E-03,+13.424646E-03
+1.799600E-03,+29.103039E-03
+1.802400E-03,+44.781432E-03
+1.805200E-03,+76.138217E-03
+1.808000E-03,+91.816610E-03
+1.810800E-03,+103.575404E-03
+1.813600E-03,+107.495002E-03
+1.816400E-03,+123.173395E-03
+1.819200E-03,+111.414601E-03
+1.822000E-03,+123.173395E-03
+1.824800E-03,+127.092993E-03
+1.827600E-03,+138.851788E-03
+1.830400E-03,+138.851788E-03
+1.833200E-03,+142.771386E-03
+1.836000E-03,+150.610582E-03
+1.838800E-03,+142.771386E-03
+1.841600E-03,+142.771386E-03
+1.844400E-03,+154.530181E-03
+1.847200E-03,+150.610582E-03
+1.850000E-03,+138.851788E-03
+1.852800E-03,+138.851788E-03
+1.855600E-03,+154.530181E-03
+1.858400E-03,+162.369377E-03
+1.861200E-03,+154.530181E-03
+1.864000E-03,+162.369377E-03
+1.866800E-03,+142.771386E-03
+1.869600E-03,+166.288975E-03
+1.872400E-03,+154.530181E-03
+1.875200E-03,+154.530181E-03
+1.878000E-03,+154.530181E-03
+1.880800E-03,+154.530181E-03
+1.883600E-03,+142.771386E-03
+1.886400E-03,+154.530181E-03
+1.889200E-03,+158.449779E-03
+1.892000E-03,+154.530181E-03
+1.894800E-03,+154.530181E-03
+1.897600E-03,+150.610582E-03
+1.900400E-03,+154.530181E-03
+1.903200E-03,+166.288975E-03
+1.906000E-03,+158.449779E-03
+1.908800E-03,+138.851788E-03
+1.911600E-03,+142.771386E-03
+1.914400E-03,+150.610582E-03
+1.917200E-03,+154.530181E-03
+1.920000E-03,+154.530181E-03
+1.922800E-03,+162.369377E-03
+1.925600E-03,+166.288975E-03
+1.928400E-03,+150.610582E-03
+1.931200E-03,+142.771386E-03
+1.934000E-03,+150.610582E-03
+1.936800E-03,+142.771386E-03
+1.939600E-03,+154.530181E-03
+1.942400E-03,+166.288975E-03
+1.945200E-03,+154.530181E-03
+1.948000E-03,+150.610582E-03
+1.950800E-03,+154.530181E-03
+1.953600E-03,+170.208573E-03
+1.956400E-03,+162.369377E-03
+1.959200E-03,+150.610582E-03
+1.962000E-03,+154.530181E-03
+1.964800E-03,+154.530181E-03
+1.967600E-03,+142.771386E-03
+1.970400E-03,+154.530181E-03
+1.973200E-03,+150.610582E-03
+1.976000E-03,+142.771386E-03
+1.978800E-03,+142.771386E-03
+1.981600E-03,+83.977413E-03
+1.984400E-03,+44.781432E-03
+1.987200E-03,-14.012541E-03
+1.990000E-03,-76.726112E-03
+1.992800E-03,-112.002496E-03
+1.995600E-03,-147.278879E-03
+1.998400E-03,-190.394459E-03
+2.001200E-03,-225.670843E-03
+2.004000E-03,-257.027628E-03
+2.006800E-03,-284.464816E-03
+2.009600E-03,-315.821601E-03
+2.012400E-03,-331.499994E-03
+2.015200E-03,-362.856779E-03
+2.018000E-03,-378.535172E-03
+2.020800E-03,-405.972359E-03
+2.023600E-03,-421.650752E-03
+2.026400E-03,-421.650752E-03
+2.029200E-03,-425.570350E-03
+2.032000E-03,-453.007537E-03
+2.034800E-03,-456.927136E-03
+2.037600E-03,-445.168341E-03
+2.040400E-03,-456.927136E-03
+2.043200E-03,-484.364323E-03
+2.046000E-03,-472.605528E-03
+2.048800E-03,-476.525126E-03
+2.051600E-03,-488.283921E-03
+2.054400E-03,-484.364323E-03
+2.057200E-03,-488.283921E-03
+2.060000E-03,-488.283921E-03
+2.062800E-03,-488.283921E-03
+2.065600E-03,-488.283921E-03
+2.068400E-03,-492.203519E-03
+2.071200E-03,-503.962314E-03
+2.074000E-03,-492.203519E-03
+2.076800E-03,-488.283921E-03
+2.079600E-03,-488.283921E-03
+2.082400E-03,-92.404505E-03
+2.085200E-03,+13.424646E-03
+2.088000E-03,+76.138217E-03
+2.090800E-03,+138.851788E-03
+2.093600E-03,+232.922144E-03
+2.096400E-03,+311.314108E-03
+2.099200E-03,+354.429688E-03
+2.102000E-03,+385.786473E-03
+2.104800E-03,+405.384464E-03
+2.107600E-03,+432.821651E-03
+2.110400E-03,+436.741250E-03
+2.113200E-03,+448.500044E-03
+2.116000E-03,+456.339241E-03
+2.118800E-03,+456.339241E-03
+2.121600E-03,+472.017633E-03
+2.124400E-03,+483.776428E-03
+2.127200E-03,+483.776428E-03
+2.130000E-03,+487.696026E-03
+2.132800E-03,+475.937231E-03
+2.135600E-03,+479.856830E-03
+2.138400E-03,+487.696026E-03
+2.141200E-03,+487.696026E-03
+2.144000E-03,+483.776428E-03
+2.146800E-03,+499.454821E-03
+2.149600E-03,+495.535222E-03
+2.152400E-03,+483.776428E-03
+2.155200E-03,+495.535222E-03
+2.158000E-03,+507.294017E-03
+2.160800E-03,+487.696026E-03
+2.163600E-03,+495.535222E-03
+2.166400E-03,+483.776428E-03
+2.169200E-03,+495.535222E-03
+2.172000E-03,+499.454821E-03
+2.174800E-03,+499.454821E-03
+2.177600E-03,+495.535222E-03
+2.180400E-03,+487.696026E-03
+2.183200E-03,+487.696026E-03
+2.186000E-03,+487.696026E-03
+2.188800E-03,+499.454821E-03
+2.191600E-03,+487.696026E-03
+2.194400E-03,+487.696026E-03
+2.197200E-03,+487.696026E-03
+2.200000E-03,+483.776428E-03
+2.202800E-03,+495.535222E-03
+2.205600E-03,+495.535222E-03
+2.208400E-03,+503.374419E-03
+2.211200E-03,+491.615624E-03
+2.214000E-03,+495.535222E-03
+2.216800E-03,+483.776428E-03
+2.219600E-03,+483.776428E-03
+2.222400E-03,+483.776428E-03
+2.225200E-03,+499.454821E-03
+2.228000E-03,+487.696026E-03
+2.230800E-03,+499.454821E-03
+2.233600E-03,+472.017633E-03
+2.236400E-03,+483.776428E-03
+2.239200E-03,+483.776428E-03
+2.242000E-03,+487.696026E-03
+2.244800E-03,+483.776428E-03
+2.247600E-03,+495.535222E-03
+2.250400E-03,+499.454821E-03
+2.253200E-03,+487.696026E-03
+2.256000E-03,+483.776428E-03
+2.258800E-03,+472.017633E-03
+2.261600E-03,+499.454821E-03
+2.264400E-03,+499.454821E-03
+2.267200E-03,+511.213615E-03
+2.270000E-03,+487.696026E-03
+2.272800E-03,+472.017633E-03
+2.275600E-03,+487.696026E-03
+2.278400E-03,+499.454821E-03
+2.281200E-03,+472.017633E-03
+2.284000E-03,+389.706071E-03
+2.286800E-03,+323.072902E-03
+2.289600E-03,+240.761341E-03
+2.292400E-03,+197.645761E-03
+2.295200E-03,+119.253797E-03
+2.298000E-03,+56.540226E-03
+2.300800E-03,-2.253747E-03
+2.303600E-03,-49.288925E-03
+2.306400E-03,-92.404505E-03
+2.309200E-03,-143.359281E-03
+2.312000E-03,-186.474861E-03
+2.314800E-03,-209.992450E-03
+2.317600E-03,-253.108030E-03
+2.320400E-03,-280.545217E-03
+2.323200E-03,-315.821601E-03
+2.326000E-03,-347.178387E-03
+2.328800E-03,-351.097985E-03
+2.331600E-03,-382.454770E-03
+2.334400E-03,-402.052761E-03
+2.337200E-03,-409.891957E-03
+2.340000E-03,-421.650752E-03
+2.342800E-03,-429.489948E-03
+2.345600E-03,-437.329145E-03
+2.348400E-03,-445.168341E-03
+2.351200E-03,-472.605528E-03
+2.354000E-03,-472.605528E-03
+2.356800E-03,-468.685930E-03
+2.359600E-03,-472.605528E-03
+2.362400E-03,-480.444725E-03
+2.365200E-03,-476.525126E-03
+2.368000E-03,-488.283921E-03
+2.370800E-03,-492.203519E-03
+2.373600E-03,-492.203519E-03
+2.376400E-03,-488.283921E-03
+2.379200E-03,-488.283921E-03
+2.382000E-03,-496.123117E-03
+2.384800E-03,-2.253747E-03
+2.387600E-03,+123.173395E-03
+2.390400E-03,+201.565359E-03
+2.393200E-03,+268.198528E-03
+2.396000E-03,+370.108081E-03
+2.398800E-03,+436.741250E-03
+2.401600E-03,+468.098035E-03
+2.404400E-03,+515.133213E-03
+2.407200E-03,+530.811606E-03
+2.410000E-03,+534.731204E-03
+2.412800E-03,+550.409597E-03
+2.415600E-03,+558.248793E-03
+2.418400E-03,+566.087990E-03
+2.421200E-03,+566.087990E-03
+2.424000E-03,+589.605579E-03
+2.426800E-03,+593.525177E-03
+2.429600E-03,+581.766382E-03
+2.432400E-03,+593.525177E-03
+2.435200E-03,+589.605579E-03
+2.438000E-03,+589.605579E-03
+2.440800E-03,+589.605579E-03
+2.443600E-03,+605.283971E-03
+2.446400E-03,+593.525177E-03
+2.449200E-03,+593.525177E-03
+2.452000E-03,+593.525177E-03
+2.454800E-03,+605.283971E-03
+2.457600E-03,+597.444775E-03
+2.460400E-03,+605.283971E-03
+2.463200E-03,+593.525177E-03
+2.466000E-03,+597.444775E-03
+2.468800E-03,+605.283971E-03
+2.471600E-03,+605.283971E-03
+2.474400E-03,+605.283971E-03
+2.477200E-03,+609.203570E-03
+2.480000E-03,+609.203570E-03
+2.482800E-03,+593.525177E-03
+2.485600E-03,+597.444775E-03
+2.488400E-03,+617.042766E-03
+2.491200E-03,+593.525177E-03
+2.494000E-03,+593.525177E-03
+2.496800E-03,+609.203570E-03
+2.499600E-03,+593.525177E-03
+2.502400E-03,+593.525177E-03
+2.505200E-03,+605.283971E-03
+2.508000E-03,+609.203570E-03
+2.510800E-03,+593.525177E-03
+2.513600E-03,+601.364373E-03
+2.516400E-03,+593.525177E-03
+2.519200E-03,+605.283971E-03
+2.522000E-03,+593.525177E-03
+2.524800E-03,+593.525177E-03
+2.527600E-03,+593.525177E-03
+2.530400E-03,+609.203570E-03
+2.533200E-03,+589.605579E-03
+2.536000E-03,+593.525177E-03
+2.538800E-03,+605.283971E-03
+2.541600E-03,+581.766382E-03
+2.544400E-03,+593.525177E-03
+2.547200E-03,+605.283971E-03
+2.550000E-03,+605.283971E-03
+2.552800E-03,+593.525177E-03
+2.555600E-03,+593.525177E-03
+2.558400E-03,+605.283971E-03
+2.561200E-03,+593.525177E-03
+2.564000E-03,+581.766382E-03
+2.566800E-03,+605.283971E-03
+2.569600E-03,+589.605579E-03
+2.572400E-03,+593.525177E-03
+2.575200E-03,+597.444775E-03
+2.578000E-03,+593.525177E-03
+2.580800E-03,+577.846784E-03
+2.583600E-03,+593.525177E-03
+2.586400E-03,+499.454821E-03
+2.589200E-03,+432.821651E-03
+2.592000E-03,+346.590491E-03
+2.594800E-03,+264.278930E-03
+2.597600E-03,+201.565359E-03
+2.600400E-03,+138.851788E-03
+2.603200E-03,+87.897012E-03
+2.606000E-03,+29.103039E-03
+2.608800E-03,-37.530130E-03
+2.611600E-03,-96.324103E-03
+2.614400E-03,-131.600487E-03
+2.617200E-03,-174.716067E-03
+2.620000E-03,-221.751245E-03
+2.622800E-03,-264.866825E-03
+2.625600E-03,-284.464816E-03
+2.628400E-03,-304.062807E-03
+2.631200E-03,-331.499994E-03
+2.634000E-03,-347.178387E-03
+2.636800E-03,-366.776377E-03
+2.639600E-03,-394.213565E-03
+2.642400E-03,-405.972359E-03
+2.645200E-03,-437.329145E-03
+2.648000E-03,-437.329145E-03
+2.650800E-03,-453.007537E-03
+2.653600E-03,-453.007537E-03
+2.656400E-03,-468.685930E-03
+2.659200E-03,-472.605528E-03
+2.662000E-03,-484.364323E-03
+2.664800E-03,-500.042716E-03
+2.667600E-03,-484.364323E-03
+2.670400E-03,-500.042716E-03
+2.673200E-03,-503.962314E-03
+2.676000E-03,-503.962314E-03
+2.678800E-03,-503.962314E-03
+2.681600E-03,-503.962314E-03
+2.684400E-03,-292.304012E-03
+2.687200E-03,+193.726162E-03
+2.690000E-03,+295.635715E-03
+2.692800E-03,+370.108081E-03
+2.695600E-03,+444.580446E-03
+2.698400E-03,+546.489999E-03
+2.701200E-03,+609.203570E-03
+2.704000E-03,+656.238748E-03
+2.706800E-03,+675.836739E-03
+2.709600E-03,+718.952319E-03
+2.712400E-03,+730.711113E-03
+2.715200E-03,+746.389506E-03
+2.718000E-03,+765.987497E-03
+2.720800E-03,+765.987497E-03
+2.723600E-03,+762.067899E-03
+2.726400E-03,+765.987497E-03
+2.729200E-03,+754.228702E-03
+2.732000E-03,+781.665890E-03
+2.734800E-03,+762.067899E-03
+2.737600E-03,+777.746291E-03
+2.740400E-03,+781.665890E-03
+2.743200E-03,+758.148300E-03
+2.746000E-03,+785.585488E-03
+2.748800E-03,+781.665890E-03
+2.751600E-03,+781.665890E-03
+2.754400E-03,+781.665890E-03
+2.757200E-03,+773.826693E-03
+2.760000E-03,+769.907095E-03
+2.762800E-03,+765.987497E-03
+2.765600E-03,+781.665890E-03
+2.768400E-03,+781.665890E-03
+2.771200E-03,+777.746291E-03
+2.774000E-03,+769.907095E-03
+2.776800E-03,+777.746291E-03
+2.779600E-03,+769.907095E-03
+2.782400E-03,+769.907095E-03
+2.785200E-03,+773.826693E-03
+2.788000E-03,+777.746291E-03
+2.790800E-03,+777.746291E-03
+2.793600E-03,+789.505086E-03
+2.796400E-03,+781.665890E-03
+2.799200E-03,+781.665890E-03
+2.802000E-03,+781.665890E-03
+2.804800E-03,+781.665890E-03
+2.807600E-03,+777.746291E-03
+2.810400E-03,+769.907095E-03
+2.813200E-03,+777.746291E-03
+2.816000E-03,+765.987497E-03
+2.818800E-03,+769.907095E-03
+2.821600E-03,+769.907095E-03
+2.824400E-03,+769.907095E-03
+2.827200E-03,+765.987497E-03
+2.830000E-03,+765.987497E-03
+2.832800E-03,+765.987497E-03
+2.835600E-03,+769.907095E-03
+2.838400E-03,+765.987497E-03
+2.841200E-03,+769.907095E-03
+2.844000E-03,+769.907095E-03
+2.846800E-03,+769.907095E-03
+2.849600E-03,+769.907095E-03
+2.852400E-03,+769.907095E-03
+2.855200E-03,+762.067899E-03
+2.858000E-03,+769.907095E-03
+2.860800E-03,+765.987497E-03
+2.863600E-03,+769.907095E-03
+2.866400E-03,+765.987497E-03
+2.869200E-03,+765.987497E-03
+2.872000E-03,+754.228702E-03
+2.874800E-03,+758.148300E-03
+2.877600E-03,+769.907095E-03
+2.880400E-03,+765.987497E-03
+2.883200E-03,+765.987497E-03
+2.886000E-03,+734.630711E-03
+2.888800E-03,+640.560355E-03
+2.891600E-03,+546.489999E-03
+2.894400E-03,+468.098035E-03
+2.897200E-03,+377.947277E-03
+2.900000E-03,+319.153304E-03
+2.902800E-03,+252.520135E-03
+2.905600E-03,+170.208573E-03
+2.908400E-03,+107.495002E-03
+2.911200E-03,+33.022637E-03
+2.914000E-03,-2.253747E-03
+2.916800E-03,-72.806514E-03
+2.919600E-03,-96.324103E-03
+2.922400E-03,-155.118076E-03
+2.925200E-03,-186.474861E-03
+2.928000E-03,-237.429637E-03
+2.930800E-03,-268.786423E-03
+2.933600E-03,-300.143208E-03
+2.936400E-03,-331.499994E-03
+2.939200E-03,-358.937181E-03
+2.942000E-03,-378.535172E-03
+2.944800E-03,-394.213565E-03
+2.947600E-03,-409.891957E-03
+2.950400E-03,-429.489948E-03
+2.953200E-03,-437.329145E-03
+2.956000E-03,-456.927136E-03
+2.958800E-03,-468.685930E-03
+2.961600E-03,-468.685930E-03
+2.964400E-03,-484.364323E-03
+2.967200E-03,-476.525126E-03
+2.970000E-03,-476.525126E-03
+2.972800E-03,-488.283921E-03
+2.975600E-03,-500.042716E-03
+2.978400E-03,-507.881912E-03
+2.981200E-03,-511.801510E-03
+2.984000E-03,-515.721108E-03
+2.986800E-03,-405.972359E-03
+2.989600E-03,-14.012541E-03
+2.992400E-03,+60.459824E-03
+2.995200E-03,+134.932190E-03
+2.998000E-03,+201.565359E-03
+3.000800E-03,+307.394510E-03
+3.003600E-03,+342.670893E-03
+3.006400E-03,+377.947277E-03
+3.009200E-03,+405.384464E-03
+3.012000E-03,+436.741250E-03
+3.014800E-03,+452.419642E-03
+3.017600E-03,+452.419642E-03
+3.020400E-03,+456.339241E-03
+3.023200E-03,+479.856830E-03
+3.026000E-03,+468.098035E-03
+3.028800E-03,+483.776428E-03
+3.031600E-03,+495.535222E-03
+3.034400E-03,+499.454821E-03
+3.037200E-03,+499.454821E-03
+3.040000E-03,+499.454821E-03
+3.042800E-03,+499.454821E-03
+3.045600E-03,+487.696026E-03
+3.048400E-03,+499.454821E-03
+3.051200E-03,+499.454821E-03
+3.054000E-03,+499.454821E-03
+3.056800E-03,+499.454821E-03
+3.059600E-03,+483.776428E-03
+3.062400E-03,+495.535222E-03
+3.065200E-03,+511.213615E-03
+3.068000E-03,+483.776428E-03
+3.070800E-03,+487.696026E-03
+3.073600E-03,+522.972410E-03
+3.076400E-03,+495.535222E-03
+3.079200E-03,+499.454821E-03
+3.082000E-03,+515.133213E-03
+3.084800E-03,+487.696026E-03
+3.087600E-03,+511.213615E-03
+3.090400E-03,+503.374419E-03
+3.093200E-03,+495.535222E-03
+3.096000E-03,+499.454821E-03
+3.098800E-03,+499.454821E-03
+3.101600E-03,+503.374419E-03
+3.104400E-03,+499.454821E-03
+3.107200E-03,+499.454821E-03
+3.110000E-03,+495.535222E-03
+3.112800E-03,+499.454821E-03
+3.115600E-03,+487.696026E-03
+3.118400E-03,+511.213615E-03
+3.121200E-03,+495.535222E-03
+3.124000E-03,+499.454821E-03
+3.126800E-03,+491.615624E-03
+3.129600E-03,+499.454821E-03
+3.132400E-03,+487.696026E-03
+3.135200E-03,+495.535222E-03
+3.138000E-03,+499.454821E-03
+3.140800E-03,+495.535222E-03
+3.143600E-03,+499.454821E-03
+3.146400E-03,+503.374419E-03
+3.149200E-03,+487.696026E-03
+3.152000E-03,+499.454821E-03
+3.154800E-03,+491.615624E-03
+3.157600E-03,+499.454821E-03
+3.160400E-03,+499.454821E-03
+3.163200E-03,+483.776428E-03
+3.166000E-03,+495.535222E-03
+3.168800E-03,+499.454821E-03
+3.171600E-03,+499.454821E-03
+3.174400E-03,+499.454821E-03
+3.177200E-03,+499.454821E-03
+3.180000E-03,+499.454821E-03
+3.182800E-03,+511.213615E-03
+3.185600E-03,+499.454821E-03
+3.188400E-03,+452.419642E-03
+3.191200E-03,+385.786473E-03
+3.194000E-03,+299.555313E-03
+3.196800E-03,+232.922144E-03
+3.199600E-03,+170.208573E-03
+3.202400E-03,+91.816610E-03
+3.205200E-03,+44.781432E-03
+3.208000E-03,-17.932139E-03
+3.210800E-03,-80.645710E-03
+3.213600E-03,-115.922094E-03
+3.216400E-03,-174.716067E-03
+3.219200E-03,-206.072852E-03
+3.222000E-03,-249.188432E-03
+3.224800E-03,-296.223610E-03
+3.227600E-03,-315.821601E-03
+3.230400E-03,-339.339190E-03
+3.233200E-03,-347.178387E-03
+3.236000E-03,-382.454770E-03
+3.238800E-03,-394.213565E-03
+3.241600E-03,-413.811556E-03
+3.244400E-03,-429.489948E-03
+3.247200E-03,-456.927136E-03
+3.250000E-03,-456.927136E-03
+3.252800E-03,-472.605528E-03
+3.255600E-03,-484.364323E-03
+3.258400E-03,-476.525126E-03
+3.261200E-03,-488.283921E-03
+3.264000E-03,-500.042716E-03
+3.266800E-03,-503.962314E-03
+3.269600E-03,-515.721108E-03
+3.272400E-03,-503.962314E-03
+3.275200E-03,-515.721108E-03
+3.278000E-03,-519.640706E-03
+3.280800E-03,-519.640706E-03
+3.283600E-03,-507.881912E-03
+3.286400E-03,-519.640706E-03
+3.289200E-03,-492.203519E-03
+3.292000E-03,-378.535172E-03
+3.294800E-03,-335.419592E-03
+3.297600E-03,-288.384414E-03
+3.300400E-03,-245.268834E-03
+3.303200E-03,-190.394459E-03
+3.306000E-03,-143.359281E-03
+3.308800E-03,-108.082897E-03
+3.311600E-03,-64.967318E-03
+3.314400E-03,-37.530130E-03
+3.317200E-03,-17.932139E-03
+3.320000E-03,-2.253747E-03
+3.322800E-03,+9.505048E-03
+3.325600E-03,+13.424646E-03
+3.328400E-03,+40.861833E-03
+3.331200E-03,+44.781432E-03
+3.334000E-03,+48.701030E-03
+3.336800E-03,+60.459824E-03
+3.339600E-03,+60.459824E-03
+3.342400E-03,+64.379422E-03
+3.345200E-03,+72.218619E-03
+3.348000E-03,+72.218619E-03
+3.350800E-03,+64.379422E-03
+3.353600E-03,+72.218619E-03
+3.356400E-03,+72.218619E-03
+3.359200E-03,+68.299021E-03
+3.362000E-03,+83.977413E-03
+3.364800E-03,+76.138217E-03
+3.367600E-03,+76.138217E-03
+3.370400E-03,+64.379422E-03
+3.373200E-03,+76.138217E-03
+3.376000E-03,+72.218619E-03
+3.378800E-03,+76.138217E-03
+3.381600E-03,+76.138217E-03
+3.384400E-03,+76.138217E-03
+3.387200E-03,+91.816610E-03
+3.390000E-03,+64.379422E-03
+3.392800E-03,+76.138217E-03
+3.395600E-03,+76.138217E-03
+3.398400E-03,+87.897012E-03
+3.401200E-03,+76.138217E-03
+3.404000E-03,+76.138217E-03
+3.406800E-03,+87.897012E-03
+3.409600E-03,+76.138217E-03
+3.412400E-03,+76.138217E-03
+3.415200E-03,+87.897012E-03
+3.418000E-03,+72.218619E-03
+3.420800E-03,+76.138217E-03
+3.423600E-03,+76.138217E-03
+3.426400E-03,+87.897012E-03
+3.429200E-03,+80.057815E-03
+3.432000E-03,+80.057815E-03
+3.434800E-03,+80.057815E-03
+3.437600E-03,+76.138217E-03
+3.440400E-03,+72.218619E-03
+3.443200E-03,+87.897012E-03
+3.446000E-03,+76.138217E-03
+3.448800E-03,+76.138217E-03
+3.451600E-03,+76.138217E-03
+3.454400E-03,+76.138217E-03
+3.457200E-03,+76.138217E-03
+3.460000E-03,+80.057815E-03
+3.462800E-03,+76.138217E-03
+3.465600E-03,+87.897012E-03
+3.468400E-03,+76.138217E-03
+3.471200E-03,+76.138217E-03
+3.474000E-03,+76.138217E-03
+3.476800E-03,+76.138217E-03
+3.479600E-03,+76.138217E-03
+3.482400E-03,+87.897012E-03
+3.485200E-03,+91.816610E-03
+3.488000E-03,+76.138217E-03
+3.490800E-03,+33.022637E-03
+3.493600E-03,-2.253747E-03
+3.496400E-03,-64.967318E-03
+3.499200E-03,-119.841692E-03
+3.502000E-03,-166.876870E-03
+3.504800E-03,-206.072852E-03
+3.507600E-03,-249.188432E-03
+3.510400E-03,-268.786423E-03
+3.513200E-03,-300.143208E-03
+3.516000E-03,-319.741199E-03
+3.518800E-03,-347.178387E-03
+3.521600E-03,-378.535172E-03
+3.524400E-03,-398.133163E-03
+3.527200E-03,-421.650752E-03
+3.530000E-03,-437.329145E-03
+3.532800E-03,-437.329145E-03
+3.535600E-03,-460.846734E-03
+3.538400E-03,-472.605528E-03
+3.541200E-03,-472.605528E-03
+3.544000E-03,-488.283921E-03
+3.546800E-03,-488.283921E-03
+3.549600E-03,-492.203519E-03
+3.552400E-03,-503.962314E-03
+3.555200E-03,-515.721108E-03
+3.558000E-03,-503.962314E-03
+3.560800E-03,-515.721108E-03
+3.563600E-03,-507.881912E-03
+3.566400E-03,-515.721108E-03
+3.569200E-03,-523.560305E-03
+3.572000E-03,-531.399501E-03
+3.574800E-03,-531.399501E-03
+3.577600E-03,-523.560305E-03
+3.580400E-03,-507.881912E-03
+3.583200E-03,-535.319099E-03
+3.586000E-03,-523.560305E-03
+3.588800E-03,-523.560305E-03
+3.591600E-03,-268.786423E-03
+3.594400E-03,-131.600487E-03
+3.597200E-03,-92.404505E-03
+3.600000E-03,-21.851738E-03
+3.602800E-03,+44.781432E-03
+3.605600E-03,+103.575404E-03
+3.608400E-03,+158.449779E-03
+3.611200E-03,+229.002546E-03
+3.614000E-03,+248.600537E-03
+3.616800E-03,+291.716117E-03
+3.619600E-03,+311.314108E-03
+3.622400E-03,+315.233706E-03
+3.625200E-03,+342.670893E-03
+3.628000E-03,+342.670893E-03
+3.630800E-03,+342.670893E-03
+3.633600E-03,+374.027679E-03
+3.636400E-03,+374.027679E-03
+3.639200E-03,+377.947277E-03
+3.642000E-03,+389.706071E-03
+3.644800E-03,+374.027679E-03
+3.647600E-03,+362.268884E-03
+3.650400E-03,+374.027679E-03
+3.653200E-03,+385.786473E-03
+3.656000E-03,+389.706071E-03
+3.658800E-03,+389.706071E-03
+3.661600E-03,+401.464866E-03
+3.664400E-03,+389.706071E-03
+3.667200E-03,+385.786473E-03
+3.670000E-03,+377.947277E-03
+3.672800E-03,+374.027679E-03
+3.675600E-03,+401.464866E-03
+3.678400E-03,+401.464866E-03
+3.681200E-03,+389.706071E-03
+3.684000E-03,+377.947277E-03
+3.686800E-03,+374.027679E-03
+3.689600E-03,+385.786473E-03
+3.692400E-03,+377.947277E-03
+3.695200E-03,+389.706071E-03
+3.698000E-03,+405.384464E-03
+3.700800E-03,+374.027679E-03
+3.703600E-03,+377.947277E-03
+3.706400E-03,+374.027679E-03
+3.709200E-03,+385.786473E-03
+3.712000E-03,+374.027679E-03
+3.714800E-03,+381.866875E-03
+3.717600E-03,+401.464866E-03
+3.720400E-03,+385.786473E-03
+3.723200E-03,+374.027679E-03
+3.726000E-03,+374.027679E-03
+3.728800E-03,+377.947277E-03
+3.731600E-03,+385.786473E-03
+3.734400E-03,+389.706071E-03
+3.737200E-03,+401.464866E-03
+3.740000E-03,+377.947277E-03
+3.742800E-03,+374.027679E-03
+3.745600E-03,+385.786473E-03
+3.748400E-03,+374.027679E-03
+3.751200E-03,+377.947277E-03
+3.754000E-03,+374.027679E-03
+3.756800E-03,+389.706071E-03
+3.759600E-03,+374.027679E-03
+3.762400E-03,+374.027679E-03
+3.765200E-03,+358.349286E-03
+3.768000E-03,+377.947277E-03
+3.770800E-03,+389.706071E-03
+3.773600E-03,+385.786473E-03
+3.776400E-03,+389.706071E-03
+3.779200E-03,+389.706071E-03
+3.782000E-03,+381.866875E-03
+3.784800E-03,+374.027679E-03
+3.787600E-03,+374.027679E-03
+3.790400E-03,+377.947277E-03
+3.793200E-03,+326.992501E-03
+3.796000E-03,+248.600537E-03
+3.798800E-03,+185.886966E-03
+3.801600E-03,+111.414601E-03
+3.804400E-03,+60.459824E-03
+3.807200E-03,-2.253747E-03
+3.810000E-03,-61.047719E-03
+3.812800E-03,-96.324103E-03
+3.815600E-03,-159.037674E-03
+3.818400E-03,-202.153254E-03
+3.821200E-03,-237.429637E-03
+3.824000E-03,-272.706021E-03
+3.826800E-03,-300.143208E-03
+3.829600E-03,-327.580396E-03
+3.832400E-03,-362.856779E-03
+3.835200E-03,-374.615574E-03
+3.838000E-03,-405.972359E-03
+3.840800E-03,-425.570350E-03
+3.843600E-03,-425.570350E-03
+3.846400E-03,-441.248743E-03
+3.849200E-03,-456.927136E-03
+3.852000E-03,-468.685930E-03
+3.854800E-03,-472.605528E-03
+3.857600E-03,-488.283921E-03
+3.860400E-03,-476.525126E-03
+3.863200E-03,-503.962314E-03
+3.866000E-03,-500.042716E-03
+3.868800E-03,-500.042716E-03
+3.871600E-03,-507.881912E-03
+3.874400E-03,-523.560305E-03
+3.877200E-03,-515.721108E-03
+3.880000E-03,-507.881912E-03
+3.882800E-03,-527.479903E-03
+3.885600E-03,-523.560305E-03
+3.888400E-03,-523.560305E-03
+3.891200E-03,-519.640706E-03
+3.894000E-03,-531.399501E-03
+3.896800E-03,-523.560305E-03
+3.899600E-03,-535.319099E-03
+3.902400E-03,-535.319099E-03
+3.905200E-03,-523.560305E-03
+3.908000E-03,-535.319099E-03
+3.910800E-03,-535.319099E-03
+3.913600E-03,-535.319099E-03
+3.916400E-03,-539.238697E-03
+3.919200E-03,-523.560305E-03
+3.922000E-03,-531.399501E-03
+3.924800E-03,-523.560305E-03
+3.927600E-03,-531.399501E-03
+3.930400E-03,-535.319099E-03
+3.933200E-03,-523.560305E-03
+3.936000E-03,-539.238697E-03
+3.938800E-03,-535.319099E-03
+3.941600E-03,-523.560305E-03
+3.944400E-03,-539.238697E-03
+3.947200E-03,-535.319099E-03
+3.950000E-03,-535.319099E-03
+3.952800E-03,-523.560305E-03
+3.955600E-03,-523.560305E-03
+3.958400E-03,-531.399501E-03
+3.961200E-03,-535.319099E-03
+3.964000E-03,-535.319099E-03
+3.966800E-03,-531.399501E-03
+3.969600E-03,-535.319099E-03
+3.972400E-03,-531.399501E-03
+3.975200E-03,-535.319099E-03
+3.978000E-03,-535.319099E-03
+3.980800E-03,-535.319099E-03
+3.983600E-03,-535.319099E-03
+3.986400E-03,-519.640706E-03
+3.989200E-03,-535.319099E-03
+3.992000E-03,-531.399501E-03
+3.994800E-03,-535.319099E-03
+3.997600E-03,-535.319099E-03
+4.000400E-03,-535.319099E-03
+4.003200E-03,-531.399501E-03
+4.006000E-03,-535.319099E-03
+4.008800E-03,-519.640706E-03
+4.011600E-03,-531.399501E-03
+4.014400E-03,-519.640706E-03
+4.017200E-03,-523.560305E-03
+4.020000E-03,-547.077894E-03
+4.022800E-03,-535.319099E-03
+4.025600E-03,-535.319099E-03
+4.028400E-03,-523.560305E-03
+4.031200E-03,-523.560305E-03
+4.034000E-03,-523.560305E-03
+4.036800E-03,-523.560305E-03
+4.039600E-03,-523.560305E-03
+4.042400E-03,-523.560305E-03
+4.045200E-03,-519.640706E-03
+4.048000E-03,-531.399501E-03
+4.050800E-03,-535.319099E-03
+4.053600E-03,-539.238697E-03
+4.056400E-03,-535.319099E-03
+4.059200E-03,-535.319099E-03
+4.062000E-03,-519.640706E-03
+4.064800E-03,-535.319099E-03
+4.067600E-03,-535.319099E-03
+4.070400E-03,-535.319099E-03
+4.073200E-03,-531.399501E-03
+4.076000E-03,-523.560305E-03
+4.078800E-03,-531.399501E-03
+4.081600E-03,-531.399501E-03
+4.084400E-03,-535.319099E-03
+4.087200E-03,-523.560305E-03
+4.090000E-03,-519.640706E-03
+4.092800E-03,-535.319099E-03
+4.095600E-03,-519.640706E-03
+4.098400E-03,-543.158296E-03
+4.101200E-03,-531.399501E-03
+4.104000E-03,-523.560305E-03
+4.106800E-03,-531.399501E-03
+4.109600E-03,-547.077894E-03
+4.112400E-03,-531.399501E-03
+4.115200E-03,-523.560305E-03
+4.118000E-03,-519.640706E-03
+4.120800E-03,-535.319099E-03
+4.123600E-03,-531.399501E-03
+4.126400E-03,-531.399501E-03
+4.129200E-03,-523.560305E-03
+4.132000E-03,-519.640706E-03
+4.134800E-03,-523.560305E-03
+4.137600E-03,-519.640706E-03
+4.140400E-03,-531.399501E-03
+4.143200E-03,-523.560305E-03
+4.146000E-03,-531.399501E-03
+4.148800E-03,-531.399501E-03
+4.151600E-03,-519.640706E-03
+4.154400E-03,-523.560305E-03
+4.157200E-03,-519.640706E-03
+4.160000E-03,-535.319099E-03
+4.162800E-03,-523.560305E-03
+4.165600E-03,-535.319099E-03
+4.168400E-03,-519.640706E-03
+4.171200E-03,-519.640706E-03
+4.174000E-03,-531.399501E-03
+4.176800E-03,-523.560305E-03
+4.179600E-03,-519.640706E-03
+4.182400E-03,-523.560305E-03
+4.185200E-03,-507.881912E-03
+4.188000E-03,-519.640706E-03
+4.190800E-03,-531.399501E-03
+4.193600E-03,-507.881912E-03
+4.196400E-03,-519.640706E-03
+4.199200E-03,-531.399501E-03
+4.202000E-03,-523.560305E-03
+4.204800E-03,-519.640706E-03
+4.207600E-03,-535.319099E-03
+4.210400E-03,-519.640706E-03
+4.213200E-03,-523.560305E-03
+4.216000E-03,-531.399501E-03
+4.218800E-03,-531.399501E-03
+4.221600E-03,-523.560305E-03
+4.224400E-03,-535.319099E-03
+4.227200E-03,-523.560305E-03
+4.230000E-03,-523.560305E-03
+4.232800E-03,-523.560305E-03
+4.235600E-03,-519.640706E-03
+4.238400E-03,-507.881912E-03
+4.241200E-03,-507.881912E-03
+4.244000E-03,-519.640706E-03
+4.246800E-03,-523.560305E-03
+4.249600E-03,-519.640706E-03
+4.252400E-03,-511.801510E-03
+4.255200E-03,-519.640706E-03
+4.258000E-03,-507.881912E-03
+4.260800E-03,-519.640706E-03
+4.263600E-03,-519.640706E-03
+4.266400E-03,-519.640706E-03
+4.269200E-03,-519.640706E-03
+4.272000E-03,-519.640706E-03
+4.274800E-03,-519.640706E-03
+4.277600E-03,-515.721108E-03
+4.280400E-03,-519.640706E-03
+4.283200E-03,-507.881912E-03
+4.286000E-03,-519.640706E-03
+4.288800E-03,-519.640706E-03
+4.291600E-03,-515.721108E-03
+4.294400E-03,-531.399501E-03
+4.297200E-03,-519.640706E-03
+4.300000E-03,-507.881912E-03
+4.302800E-03,-519.640706E-03
+4.305600E-03,-531.399501E-03
+4.308400E-03,-519.640706E-03
+4.311200E-03,-515.721108E-03
+4.314000E-03,-519.640706E-03
+4.316800E-03,-519.640706E-03
+4.319600E-03,-519.640706E-03
+4.322400E-03,-523.560305E-03
+4.325200E-03,-519.640706E-03
+4.328000E-03,-519.640706E-03
+4.330800E-03,-519.640706E-03
+4.333600E-03,-523.560305E-03
+4.336400E-03,-515.721108E-03
+4.339200E-03,-531.399501E-03
+4.342000E-03,-507.881912E-03
+4.344800E-03,-515.721108E-03
+4.347600E-03,-519.640706E-03
+4.350400E-03,-507.881912E-03
+4.353200E-03,-519.640706E-03
+4.356000E-03,-515.721108E-03
+4.358800E-03,-519.640706E-03
+4.361600E-03,-515.721108E-03
+4.364400E-03,-515.721108E-03
+4.367200E-03,-519.640706E-03
+4.370000E-03,-519.640706E-03
+4.372800E-03,-523.560305E-03
+4.375600E-03,-519.640706E-03
+4.378400E-03,-515.721108E-03
+4.381200E-03,-519.640706E-03
+4.384000E-03,-507.881912E-03
+4.386800E-03,-519.640706E-03
+4.389600E-03,-519.640706E-03
+4.392400E-03,-515.721108E-03
+4.395200E-03,-515.721108E-03
+4.398000E-03,-519.640706E-03
+4.400800E-03,-507.881912E-03
+4.403600E-03,-507.881912E-03
+4.406400E-03,-507.881912E-03
+4.409200E-03,-519.640706E-03
+4.412000E-03,-507.881912E-03
+4.414800E-03,-519.640706E-03
+4.417600E-03,-519.640706E-03
+4.420400E-03,-519.640706E-03
+4.423200E-03,-515.721108E-03
+4.426000E-03,-523.560305E-03
+4.428800E-03,-519.640706E-03
+4.431600E-03,-515.721108E-03
+4.434400E-03,-503.962314E-03
+4.437200E-03,-507.881912E-03
+4.440000E-03,-507.881912E-03
+4.442800E-03,-519.640706E-03
+4.445600E-03,-503.962314E-03
+4.448400E-03,-527.479903E-03
+4.451200E-03,-519.640706E-03
+4.454000E-03,-531.399501E-03
+4.456800E-03,-515.721108E-03
+4.459600E-03,-503.962314E-03
+4.462400E-03,-519.640706E-03
+4.465200E-03,-515.721108E-03
+4.468000E-03,-492.203519E-03
+4.470800E-03,-503.962314E-03
+4.473600E-03,-519.640706E-03
+4.476400E-03,-519.640706E-03
+4.479200E-03,-503.962314E-03
+4.482000E-03,-519.640706E-03
+4.484800E-03,-519.640706E-03
+4.487600E-03,-519.640706E-03
+4.490400E-03,-519.640706E-03
+4.493200E-03,-519.640706E-03
+4.496000E-03,-507.881912E-03
+4.498800E-03,-507.881912E-03
+4.501600E-03,-503.962314E-03
+4.504400E-03,-515.721108E-03
+4.507200E-03,-519.640706E-03
+4.510000E-03,-519.640706E-03
+4.512800E-03,-519.640706E-03
+4.515600E-03,-515.721108E-03
+4.518400E-03,-507.881912E-03
+4.521200E-03,-503.962314E-03
+4.524000E-03,-503.962314E-03
+4.526800E-03,-515.721108E-03
+4.529600E-03,-507.881912E-03
+4.532400E-03,-515.721108E-03
+4.535200E-03,-515.721108E-03
+4.538000E-03,-503.962314E-03
+4.540800E-03,-515.721108E-03
+4.543600E-03,-503.962314E-03
+4.546400E-03,-515.721108E-03
+4.549200E-03,-519.640706E-03
+4.552000E-03,-503.962314E-03
+4.554800E-03,-515.721108E-03
+4.557600E-03,-507.881912E-03
+4.560400E-03,-515.721108E-03
+4.563200E-03,-503.962314E-03
+4.566000E-03,-515.721108E-03
+4.568800E-03,-507.881912E-03
+4.571600E-03,-503.962314E-03
+4.574400E-03,-519.640706E-03
+4.577200E-03,
